{"cameraMode":{"drawMode":0,"name":"Shaded","section":"Shading Mode"},"sceneLighting":true,"audioPlay":false,"sceneViewState":{"showFog":true,"showMaterialUpdate":true,"showSkybox":true,"showFlares":true,"showImageEffects":true,"showParticleSystems":true},"in2DMode":false,"pivot":{"x":-2.7651994228363039,"y":0.7340468168258667,"z":-4.935219764709473},"rotation":{"x":-0.696418046951294,"y":-0.002152916043996811,"z":0.002089244779199362,"w":-0.7176300883293152},"size":41.48282241821289,"orthographic":false}