{"cameraMode":{"drawMode":0,"name":"Shaded","section":"Shading Mode"},"sceneLighting":false,"audioPlay":false,"sceneViewState":{"showFog":true,"showMaterialUpdate":true,"showSkybox":true,"showFlares":true,"showImageEffects":true,"showParticleSystems":true},"in2DMode":false,"pivot":{"x":0.0015406850725412369,"y":2.3097009658813478,"z":-0.7581658363342285},"rotation":{"x":-0.7706658244132996,"y":0.002867529634386301,"z":-0.003468021284788847,"w":-0.6372236609458923},"size":6.074836730957031,"orthographic":false}